"No.","Time","Source","Destination","Protocol","Length","Info"
"824","10.811208","RockwellAuto_08:89:61","Broadcast","ARP","60","Who has 172.16.82.89? (ARP Probe)"
"3940","100.809616","RockwellAuto_08:89:61","Broadcast","ARP","60","Who has 172.16.82.89? (ARP Probe)"
"5830","169.091232","Espressif_e3:34:c1","Broadcast","ARP","60","Who has 172.16.82.100? (ARP Probe)"
"6035","184.457729","Espressif_e3:34:c1","Broadcast","ARP","60","Who has 172.16.82.100? (ARP Probe)"
"6197","190.807975","RockwellAuto_08:89:61","Broadcast","ARP","60","Who has 172.16.82.89? (ARP Probe)"
"7190","199.824240","Espressif_e3:34:c1","Broadcast","ARP","60","Who has 172.16.82.100? (ARP Probe)"
"8005","215.380005","Espressif_e3:34:c1","Broadcast","ARP","60","Who has 172.16.82.100? (ARP Probe)"
"8526","230.941348","Espressif_e3:34:c1","Broadcast","ARP","60","Who has 172.16.82.100? (ARP Probe)"
"9493","246.402613","Espressif_e3:34:c1","Broadcast","ARP","60","Who has 172.16.82.100? (ARP Probe)"
"9885","261.863882","Espressif_e3:34:c1","Broadcast","ARP","60","Who has 172.16.82.100? (ARP Probe)"
"10442","277.335175","Espressif_e3:34:c1","Broadcast","ARP","60","Who has 172.16.82.100? (ARP Probe)"
"10496","280.806369","RockwellAuto_08:89:61","Broadcast","ARP","60","Who has 172.16.82.89? (ARP Probe)"
"10798","292.796468","Espressif_e3:34:c1","Broadcast","ARP","60","Who has 172.16.82.100? (ARP Probe)"
"11224","314.567314","Espressif_e3:34:c1","Broadcast","ARP","60","Who has 172.16.82.100? (ARP Probe)"
"11436","326.875683","Espressif_e3:34:c1","Broadcast","ARP","60","Who has 172.16.82.100? (ARP Probe)"
"11609","339.035269","Espressif_e3:34:c1","Broadcast","ARP","60","Who has 172.16.82.100? (ARP Probe)"
"11918","351.164982","Espressif_e3:34:c1","Broadcast","ARP","60","Who has 172.16.82.100? (ARP Probe)"
"13048","370.804721","RockwellAuto_08:89:61","Broadcast","ARP","60","Who has 172.16.82.89? (ARP Probe)"
"13655","409.584986","Espressif_e3:34:c1","Broadcast","ARP","60","Who has 172.16.82.100? (ARP Probe)"
"13814","421.893268","Espressif_e3:34:c1","Broadcast","ARP","60","Who has 172.16.82.100? (ARP Probe)"
"13992","434.052922","Espressif_e3:34:c1","Broadcast","ARP","60","Who has 172.16.82.100? (ARP Probe)"
"14868","446.222541","Espressif_e3:34:c1","Broadcast","ARP","60","Who has 172.16.82.100? (ARP Probe)"
"14917","446.418536","Espressif_e3:34:c1","Broadcast","ARP","60","Who has 172.16.82.100? (ARP Probe)"
"15044","446.618507","Espressif_e3:34:c1","Broadcast","ARP","60","Who has 172.16.82.100? (ARP Probe)"
"15315","460.803104","RockwellAuto_08:89:61","Broadcast","ARP","60","Who has 172.16.82.89? (ARP Probe)"
"15325","461.820322","Espressif_e3:34:c1","Broadcast","ARP","60","Who has 172.16.82.100? (ARP Probe)"
"15329","462.015006","Espressif_e3:34:c1","Broadcast","ARP","60","Who has 172.16.82.100? (ARP Probe)"
"15332","462.214985","Espressif_e3:34:c1","Broadcast","ARP","60","Who has 172.16.82.100? (ARP Probe)"
"18501","550.801478","RockwellAuto_08:89:61","Broadcast","ARP","60","Who has 172.16.82.89? (ARP Probe)"
